onset	duration	nwb_table	treelevel
592.4390001296997	0.10000000000002274	epochs	0.0
592.4390001296997	0.04499999999995907	epochs	1.0
592.4840001296997	0.009999999999990905	epochs	1.0
592.4940001296997	0.04500000000007276	epochs	1.0
592.5390001296997	0.7049949999999399	epochs	0.0
592.5390001296997	0.5	epochs	-1.0
592.5390001296997	0.5	epochs	-1.0
592.5390001296997	0.5	epochs	1.0
593.0390001296997	0.05999999999994543	epochs	-1.0
593.0390001296997	0.024999999999977263	epochs	-1.0
593.0390001296997	0.024999999999977263	epochs	1.0
593.0640001296997	0.009999999999990905	epochs	-1.0
593.0640001296997	0.009999999999990905	epochs	1.0
593.0740001296997	0.024999999999977263	epochs	-1.0
593.0740001296997	0.024999999999977263	epochs	1.0
593.0990001296997	0.06000000000005912	epochs	-1.0
593.0990001296997	0.024999999999977263	epochs	-1.0
593.0990001296997	0.024999999999977263	epochs	1.0
593.1240001296997	0.010000000000104592	epochs	-1.0
593.1240001296997	0.010000000000104592	epochs	1.0
593.1340001296998	0.024999999999977263	epochs	-1.0
593.1340001296998	0.024999999999977263	epochs	1.0
593.1590001296997	0.05999999999994543	epochs	-1.0
593.1590001296997	0.024999999999977263	epochs	-1.0
593.1590001296997	0.024999999999977263	epochs	1.0
593.1840001296997	0.009999999999990905	epochs	-1.0
593.1840001296997	0.009999999999990905	epochs	1.0
593.1940001296997	0.024999999999977263	epochs	-1.0
593.1940001296997	0.024999999999977263	epochs	1.0
593.2190001296997	0.024994999999989886	epochs	1.0
1019.5009999275208	0.10000000000002274	epochs	0.0
1019.5009999275208	0.04499999999995907	epochs	1.0
1019.5459999275207	0.009999999999990905	epochs	1.0
1019.5559999275207	0.04500000000007276	epochs	1.0
1019.6009999275208	0.7049949999999399	epochs	0.0
1019.6009999275208	0.5	epochs	-1.0
1019.6009999275208	0.5	epochs	1.0
1020.1009999275208	0.05999999999994543	epochs	-1.0
1020.1009999275208	0.024999999999977263	epochs	-1.0
1020.1009999275208	0.024999999999977263	epochs	1.0
1020.1259999275208	0.009999999999990905	epochs	-1.0
1020.1259999275208	0.009999999999990905	epochs	1.0
1020.1359999275207	0.024999999999977263	epochs	-1.0
1020.1359999275207	0.024999999999977263	epochs	1.0
1020.1609999275207	0.06000000000005912	epochs	-1.0
1020.1609999275207	0.024999999999977263	epochs	-1.0
1020.1609999275207	0.024999999999977263	epochs	1.0
1020.1859999275207	0.010000000000104592	epochs	-1.0
1020.1859999275207	0.010000000000104592	epochs	1.0
1020.1959999275208	0.024999999999977263	epochs	-1.0
1020.1959999275208	0.024999999999977263	epochs	1.0
1020.2209999275208	0.05999999999994543	epochs	-1.0
1020.2209999275208	0.024999999999977263	epochs	-1.0
1020.2209999275208	0.024999999999977263	epochs	1.0
1020.2459999275208	0.009999999999990905	epochs	-1.0
1020.2459999275208	0.009999999999990905	epochs	1.0
1020.2559999275207	0.024999999999977263	epochs	-1.0
1020.2559999275207	0.024999999999977263	epochs	1.0
1020.2809999275207	0.024994999999989886	epochs	1.0
1110.6059999465942	0.09999999999990905	epochs	0.0
1110.6059999465942	0.04500000000007276	epochs	1.0
1110.6509999465943	0.009999999999990905	epochs	1.0
1110.6609999465943	0.044999999999845386	epochs	1.0
1110.7059999465941	61.38499500000012	epochs	0.0
1110.7059999465941	0.5	epochs	-1.0
1110.7059999465941	0.5	epochs	-1.0
1110.7059999465941	0.5	epochs	1.0
1111.2059999465941	0.060000000000172804	epochs	-1.0
1111.2059999465941	0.02500000000009095	epochs	-1.0
1111.2059999465941	0.02500000000009095	epochs	1.0
1111.2309999465942	0.009999999999990905	epochs	-1.0
1111.2309999465942	0.009999999999990905	epochs	1.0
1111.2409999465942	0.02500000000009095	epochs	-1.0
1111.2409999465942	0.02500000000009095	epochs	1.0
1111.2659999465943	0.05999999999994543	epochs	-1.0
1111.2659999465943	0.024999999999863576	epochs	-1.0
1111.2659999465943	0.024999999999863576	epochs	1.0
1111.2909999465942	0.009999999999990905	epochs	-1.0
1111.2909999465942	0.009999999999990905	epochs	1.0
1111.3009999465942	0.02500000000009095	epochs	-1.0
1111.3009999465942	0.02500000000009095	epochs	1.0
1111.3259999465943	0.05999999999994543	epochs	-1.0
1111.3259999465943	0.024999999999863576	epochs	-1.0
1111.3259999465943	0.024999999999863576	epochs	1.0
1111.3509999465941	0.010000000000218279	epochs	-1.0
1111.3509999465941	0.010000000000218279	epochs	1.0
1111.3609999465943	0.024999999999863576	epochs	-1.0
1111.3609999465943	0.024999999999863576	epochs	1.0
1111.3859999465942	60.0	epochs	1.0
1171.3859999465942	0.5	epochs	-1.0
1171.3859999465942	0.5	epochs	-1.0
1171.3859999465942	0.5	epochs	1.0
1171.8859999465942	0.05999999999994543	epochs	-1.0
1171.8859999465942	0.02500000000009095	epochs	-1.0
1171.8859999465942	0.02500000000009095	epochs	1.0
1171.9109999465943	0.009999999999990905	epochs	-1.0
1171.9109999465943	0.009999999999990905	epochs	1.0
1171.9209999465943	0.024999999999863576	epochs	-1.0
1171.9209999465943	0.024999999999863576	epochs	1.0
1171.9459999465942	0.060000000000172804	epochs	-1.0
1171.9459999465942	0.02500000000009095	epochs	-1.0
1171.9459999465942	0.02500000000009095	epochs	1.0
1171.9709999465942	0.009999999999990905	epochs	-1.0
1171.9709999465942	0.009999999999990905	epochs	1.0
1171.9809999465942	0.02500000000009095	epochs	-1.0
1171.9809999465942	0.02500000000009095	epochs	1.0
1172.0059999465943	0.05999999999994543	epochs	-1.0
1172.0059999465943	0.024999999999863576	epochs	-1.0
1172.0059999465943	0.024999999999863576	epochs	1.0
1172.0309999465942	0.009999999999990905	epochs	-1.0
1172.0309999465942	0.009999999999990905	epochs	1.0
1172.0409999465942	0.02500000000009095	epochs	-1.0
1172.0409999465942	0.02500000000009095	epochs	1.0
1172.0659999465943	0.024994999999989886	epochs	1.0
1243.1089997291565	0.09999999999990905	epochs	0.0
1243.1089997291565	0.04500000000007276	epochs	1.0
1243.1539997291566	0.009999999999990905	epochs	1.0
1243.1639997291566	0.044999999999845386	epochs	1.0
1243.2089997291564	0.7049950000000536	epochs	0.0
1243.2089997291564	0.5	epochs	-1.0
1243.2089997291564	0.5	epochs	-1.0
1243.2089997291564	0.5	epochs	1.0
1243.7089997291564	0.060000000000172804	epochs	-1.0
1243.7089997291564	0.02500000000009095	epochs	-1.0
1243.7089997291564	0.02500000000009095	epochs	1.0
1243.7339997291565	0.009999999999990905	epochs	-1.0
1243.7339997291565	0.009999999999990905	epochs	1.0
1243.7439997291565	0.02500000000009095	epochs	-1.0
1243.7439997291565	0.02500000000009095	epochs	1.0
1243.7689997291566	0.05999999999994543	epochs	-1.0
1243.7689997291566	0.024999999999863576	epochs	-1.0
1243.7689997291566	0.024999999999863576	epochs	1.0
1243.7939997291564	0.009999999999990905	epochs	-1.0
1243.7939997291564	0.009999999999990905	epochs	1.0
1243.8039997291564	0.02500000000009095	epochs	-1.0
1243.8039997291564	0.02500000000009095	epochs	1.0
1243.8289997291565	0.05999999999994543	epochs	-1.0
1243.8289997291565	0.024999999999863576	epochs	-1.0
1243.8289997291565	0.024999999999863576	epochs	1.0
1243.8539997291564	0.010000000000218279	epochs	-1.0
1243.8539997291564	0.010000000000218279	epochs	1.0
1243.8639997291566	0.024999999999863576	epochs	-1.0
1243.8639997291566	0.024999999999863576	epochs	1.0
1243.8889997291565	0.024994999999989886	epochs	1.0
1306.8010001182556	0.20407999999997628	epochs	0.0
1306.8010001182556	0.09704000000010637	epochs	1.0
1306.8980401182557	0.009999999999990905	epochs	1.0
1306.9080401182557	0.097039999999879	epochs	1.0
1307.0050801182556	5.9999800000000505	epochs	0.0
1307.0050801182556	0.5	epochs	1.0
1307.0050821182556	0.5	epochs	-1.0
1307.0050821182556	0.5	epochs	-1.0
1307.5050801182556	5.0	epochs	1.0
1312.5050801182556	0.4999800000000505	epochs	1.0
1312.5050821182556	0.49997800000005554	epochs	-1.0
1350.508999824524	0.24507999999991625	epochs	0.0
1350.508999824524	0.11754040000005261	epochs	1.0
1350.626540224524	0.0099992000000384	epochs	1.0
1350.636539424524	0.11754039999982524	epochs	1.0
1350.754097824524	0.5	epochs	-1.0
1350.754099824524	3.015139999999974	epochs	0.0
1350.754099824524	0.5	epochs	1.0
1351.254099824524	1.0	epochs	1.0
1352.254099824524	1.515139999999974	epochs	1.0
1352.754097824524	0.5	epochs	-1.0
1353.254097824524	0.5	epochs	-1.0
1353.769239824524	0.48483999999984917	epochs	0.0
1354.0549998283386	0.24507999999991625	epochs	0.0
1354.0549998283386	0.11754040000005261	epochs	1.0
1354.1725402283387	0.0099992000000384	epochs	1.0
1354.1825394283387	0.11754039999982524	epochs	1.0
1354.3000978283387	0.5	epochs	-1.0
1354.3000998283387	0.5547199999998611	epochs	0.0
1354.3000998283387	0.5	epochs	1.0
1354.8000998283387	0.0547199999998611	epochs	1.0
1354.8548198283386	2.945259999999962	epochs	0.0
1355.0549998283386	0.24507999999991625	epochs	0.0
1355.0549998283386	0.11754040000005261	epochs	1.0
1355.1725402283387	0.0099992000000384	epochs	1.0
1355.1825394283387	0.11754039999982524	epochs	1.0
1355.3000978283387	0.5	epochs	-1.0
1355.3000998283387	0.5551199999999881	epochs	0.0
1355.3000998283387	0.5	epochs	1.0
1355.8000998283387	0.05511999999998807	epochs	1.0
1355.8552198283387	2.944859999999835	epochs	0.0
1356.0629997253418	0.24507999999991625	epochs	0.0
1356.0629997253418	0.11754040000005261	epochs	1.0
1356.1805401253418	0.0099992000000384	epochs	1.0
1356.190539325342	0.11754039999982524	epochs	1.0
1356.308097725342	0.5	epochs	-1.0
1356.308099725342	0.5544999999999618	epochs	0.0
1356.308099725342	0.5	epochs	1.0
1356.808099725342	0.0544999999999618	epochs	1.0
1356.8625997253419	2.9454799999998613	epochs	0.0
1357.0609998703003	0.24507999999991625	epochs	0.0
1357.0609998703003	0.11754040000005261	epochs	1.0
1357.1785402703003	0.0099992000000384	epochs	1.0
1357.1885394703004	0.11754039999982524	epochs	1.0
1357.3060978703004	0.5	epochs	-1.0
1357.3060998703004	0.5547399999998106	epochs	0.0
1357.3060998703004	0.5	epochs	1.0
1357.8060998703004	0.05473999999981061	epochs	1.0
1357.8608398703002	2.9452400000000125	epochs	0.0
1370.173999786377	0.24507999999991625	epochs	0.0
1370.173999786377	0.11754040000005261	epochs	1.0
1370.291540186377	0.0099992000000384	epochs	1.0
1370.301539386377	0.11754039999982524	epochs	1.0
1370.419097786377	0.5	epochs	-1.0
1370.419099786377	0.5547599999999875	epochs	0.0
1370.419099786377	0.5	epochs	1.0
1370.919099786377	0.054759999999987485	epochs	1.0
1370.973859786377	2.9452199999998356	epochs	0.0
1371.173999786377	0.24507999999991625	epochs	0.0
1371.173999786377	0.11754040000005261	epochs	1.0
1371.291540186377	0.0099992000000384	epochs	1.0
1371.301539386377	0.11754039999982524	epochs	1.0
1371.419097786377	0.5	epochs	-1.0
1371.419099786377	0.5547399999998106	epochs	0.0
1371.419099786377	0.5	epochs	1.0
1371.919099786377	0.05473999999981061	epochs	1.0
1371.9738397863769	2.9452400000000125	epochs	0.0
1372.1789999008179	0.24507999999991625	epochs	0.0
1372.1789999008179	0.11754040000005261	epochs	1.0
1372.296540300818	0.0099992000000384	epochs	1.0
1372.306539500818	0.11754039999982524	epochs	1.0
1372.424097900818	0.5	epochs	-1.0
1372.424099900818	0.5547199999998611	epochs	0.0
1372.424099900818	0.5	epochs	1.0
1372.924099900818	0.0547199999998611	epochs	1.0
1372.9788199008178	2.945259999999962	epochs	0.0
1373.186999797821	0.24507999999991625	epochs	0.0
1373.186999797821	0.11754040000005261	epochs	1.0
1373.304540197821	0.0099992000000384	epochs	1.0
1373.3145393978211	0.11754039999982524	epochs	1.0
1373.4320977978211	0.5	epochs	-1.0
1373.4320997978211	3.0151599999999235	epochs	0.0
1373.4320997978211	0.5	epochs	1.0
1373.9320997978211	1.0	epochs	1.0
1374.9320997978211	1.5151599999999235	epochs	1.0
1375.4320977978211	0.5	epochs	-1.0
1375.9320977978211	0.5	epochs	-1.0
1376.447259797821	0.48481999999989966	epochs	0.0
1376.6789999008179	0.24507999999991625	epochs	0.0
1376.6789999008179	0.11754040000005261	epochs	1.0
1376.796540300818	0.0099992000000384	epochs	1.0
1376.806539500818	0.11754039999982524	epochs	1.0
1376.924097900818	0.5	epochs	-1.0
1376.924099900818	0.5546199999998862	epochs	0.0
1376.924099900818	0.5	epochs	1.0
1377.424099900818	0.054619999999886204	epochs	1.0
1377.4787199008179	2.945359999999937	epochs	0.0
1377.6999998092651	0.24507999999991625	epochs	0.0
1377.6999998092651	0.11754040000005261	epochs	1.0
1377.8175402092652	0.0099992000000384	epochs	1.0
1377.8275394092652	0.11754039999982524	epochs	1.0
1377.9450978092652	0.5	epochs	-1.0
1377.9450998092652	0.5549999999998363	epochs	0.0
1377.9450998092652	0.5	epochs	1.0
1378.4450998092652	0.05499999999983629	epochs	1.0
1378.500099809265	2.944979999999987	epochs	0.0
1378.71399974823	0.24507999999991625	epochs	0.0
1378.71399974823	0.11754040000005261	epochs	1.0
1378.83154014823	0.0099992000000384	epochs	1.0
1378.84153934823	0.11754039999982524	epochs	1.0
1378.95909774823	0.5	epochs	-1.0
1378.95909974823	0.5548799999999119	epochs	0.0
1378.95909974823	0.5	epochs	1.0
1379.45909974823	0.05487999999991189	epochs	1.0
1379.51397974823	2.9450999999999112	epochs	0.0
1379.7259998321533	0.24507999999991625	epochs	0.0
1379.7259998321533	0.11754040000005261	epochs	1.0
1379.8435402321534	0.0099992000000384	epochs	1.0
1379.8535394321534	0.11754039999982524	epochs	1.0
1379.9710978321534	0.5	epochs	-1.0
1379.9710998321534	0.5553599999998369	epochs	0.0
1379.9710998321534	0.5	epochs	1.0
1380.4710998321534	0.05535999999983687	epochs	1.0
1380.5264598321533	2.9446199999999862	epochs	0.0
1380.7360000610352	0.24507999999991625	epochs	0.0
1380.7360000610352	0.11754040000005261	epochs	1.0
1380.8535404610352	0.0099992000000384	epochs	1.0
1380.8635396610352	0.11754039999982524	epochs	1.0
1380.9810980610353	0.5	epochs	-1.0
1380.9811000610352	0.5549999999998363	epochs	0.0
1380.9811000610352	0.5	epochs	1.0
1381.4811000610352	0.05499999999983629	epochs	1.0
1381.536100061035	2.944979999999987	epochs	0.0
1381.7529997825623	0.24507999999991625	epochs	0.0
1381.7529997825623	0.11754040000005261	epochs	1.0
1381.8705401825623	0.0099992000000384	epochs	1.0
1381.8805393825623	0.11754039999982524	epochs	1.0
1381.9980977825624	0.5	epochs	-1.0
1381.9980997825623	0.5551199999999881	epochs	0.0
1381.9980997825623	0.5	epochs	1.0
1382.4980997825623	0.05511999999998807	epochs	1.0
1382.5532197825623	2.944859999999835	epochs	0.0
1382.781000137329	0.24507999999991625	epochs	0.0
1382.781000137329	0.11754040000005261	epochs	1.0
1382.8985405373292	0.0099992000000384	epochs	1.0
1382.9085397373292	0.11754039999982524	epochs	1.0
1383.0260981373292	0.5	epochs	-1.0
1383.0261001373292	0.5545999999999367	epochs	0.0
1383.0261001373292	0.5	epochs	1.0
1383.5261001373292	0.0545999999999367	epochs	1.0
1383.5807001373291	2.9453799999998864	epochs	0.0
1383.8489999771118	0.24507999999991625	epochs	0.0
1383.8489999771118	0.11754040000005261	epochs	1.0
1383.9665403771119	0.0099992000000384	epochs	1.0
1383.976539577112	0.11754039999982524	epochs	1.0
1384.094097977112	0.5	epochs	-1.0
1384.094099977112	0.5544999999999618	epochs	0.0
1384.094099977112	0.5	epochs	1.0
1384.594099977112	0.0544999999999618	epochs	1.0
1384.6485999771119	2.9454799999998613	epochs	0.0
1384.883999824524	0.24507999999991625	epochs	0.0
1384.883999824524	0.11754040000005261	epochs	1.0
1385.001540224524	0.0099992000000384	epochs	1.0
1385.011539424524	0.11754039999982524	epochs	1.0
1385.129097824524	0.5	epochs	-1.0
1385.129099824524	0.5549999999998363	epochs	0.0
1385.129099824524	0.5	epochs	1.0
1385.629099824524	0.05499999999983629	epochs	1.0
1385.6840998245239	2.944979999999987	epochs	0.0
1385.9279999732971	0.24507999999991625	epochs	0.0
1385.9279999732971	0.11754040000005261	epochs	1.0
1386.0455403732972	0.0099992000000384	epochs	1.0
1386.0555395732972	0.11754039999982524	epochs	1.0
1386.1730979732972	0.5	epochs	-1.0
1386.1730999732972	0.5547599999999875	epochs	0.0
1386.1730999732972	0.5	epochs	1.0
1386.6730999732972	0.054759999999987485	epochs	1.0
1386.7278599732972	2.9452199999998356	epochs	0.0
1386.976999759674	0.24507999999991625	epochs	0.0
1386.976999759674	0.11754040000005261	epochs	1.0
1387.0945401596741	0.0099992000000384	epochs	1.0
1387.1045393596742	0.11754039999982524	epochs	1.0
1387.2220977596742	0.5	epochs	-1.0
1387.2220997596742	2.5145599999998467	epochs	0.0
1387.2220997596742	0.5	epochs	1.0
1387.7220997596742	1.0	epochs	1.0
1388.7220997596742	1.0145599999998467	epochs	1.0
1389.2220977596742	0.5	epochs	-1.0
1389.736659759674	0.9854199999999764	epochs	0.0
1390.0199999809265	0.24507999999991625	epochs	0.0
1390.0199999809265	0.11754040000005261	epochs	1.0
1390.1375403809266	0.0099992000000384	epochs	1.0
1390.1475395809266	0.11754039999982524	epochs	1.0
1390.2650979809266	0.5	epochs	-1.0
1390.2650999809266	0.5547399999998106	epochs	0.0
1390.2650999809266	0.5	epochs	1.0
1390.7650999809266	0.05473999999981061	epochs	1.0
1390.8198399809264	2.9452400000000125	epochs	0.0
1403.133999824524	0.24507999999991625	epochs	0.0
1403.133999824524	0.11754040000005261	epochs	1.0
1403.251540224524	0.0099992000000384	epochs	1.0
1403.261539424524	0.11754039999982524	epochs	1.0
1403.379097824524	0.5	epochs	-1.0
1403.379099824524	0.5544800000000123	epochs	0.0
1403.379099824524	0.5	epochs	1.0
1403.879099824524	0.054480000000012296	epochs	1.0
1403.933579824524	2.945499999999811	epochs	0.0
1404.1849999427795	0.24507999999991625	epochs	0.0
1404.1849999427795	0.11754040000005261	epochs	1.0
1404.3025403427796	0.0099992000000384	epochs	1.0
1404.3125395427796	0.11754039999982524	epochs	1.0
1404.4300979427796	0.5	epochs	-1.0
1404.4300999427796	0.5549999999998363	epochs	0.0
1404.4300999427796	0.5	epochs	1.0
1404.9300999427796	0.05499999999983629	epochs	1.0
1404.9850999427795	2.944979999999987	epochs	0.0
1417.2839999198914	0.24507999999991625	epochs	0.0
1417.2839999198914	0.11754040000005261	epochs	1.0
1417.4015403198914	0.0099992000000384	epochs	1.0
1417.4115395198914	0.11754039999982524	epochs	1.0
1417.5290979198915	0.5	epochs	-1.0
1417.5290999198915	0.5549999999998363	epochs	0.0
1417.5290999198915	0.5	epochs	1.0
1418.0290999198915	0.05499999999983629	epochs	1.0
1418.0840999198913	2.944979999999987	epochs	0.0
1432.4089999198914	0.6499799999999141	epochs	0.0
1432.4089999198914	0.049999999999954525	epochs	1.0
1432.4589999198913	0.5	epochs	1.0
1432.9589999198913	0.09997999999995955	epochs	1.0
1433.4049997329712	0.6499799999999141	epochs	0.0
1433.4049997329712	0.049999999999954525	epochs	1.0
1433.4549997329711	0.5	epochs	1.0
1433.9549997329711	0.09997999999995955	epochs	1.0
1434.369999885559	0.6499799999999141	epochs	0.0
1434.369999885559	0.049999999999954525	epochs	1.0
1434.419999885559	0.5	epochs	1.0
1434.919999885559	0.09997999999995955	epochs	1.0
1435.3109998703003	0.6499799999999141	epochs	0.0
1435.3109998703003	0.049999999999954525	epochs	1.0
1435.3609998703002	0.5	epochs	1.0
1435.8609998703002	0.09997999999995955	epochs	1.0
1436.2829999923706	0.6499799999999141	epochs	0.0
1436.2829999923706	0.049999999999954525	epochs	1.0
1436.3329999923706	0.5	epochs	1.0
1436.8329999923706	0.09997999999995955	epochs	1.0
1437.25	0.6499799999999141	epochs	0.0
1437.25	0.049999999999954525	epochs	1.0
1437.3	0.5	epochs	1.0
1437.8	0.09997999999995955	epochs	1.0
1438.2420001029968	0.6499799999999141	epochs	0.0
1438.2420001029968	0.049999999999954525	epochs	1.0
1438.2920001029968	0.5	epochs	1.0
1438.7920001029968	0.09997999999995955	epochs	1.0
1439.2329998016357	0.24507999999991625	epochs	0.0
1439.2329998016357	0.11754040000005261	epochs	1.0
1439.3505402016358	0.0099992000000384	epochs	1.0
1439.3605394016358	0.11754039999982524	epochs	1.0
1439.4780978016358	0.5	epochs	-1.0
1439.4780998016358	0.5544999999999618	epochs	0.0
1439.4780998016358	0.5	epochs	1.0
1439.9780998016358	0.0544999999999618	epochs	1.0
1440.0325998016358	4.945479999999861	epochs	0.0
1444.4219999313354	0.24507999999991625	epochs	0.0
1444.4219999313354	0.11754040000005261	epochs	1.0
1444.5395403313355	0.0099992000000384	epochs	1.0
1444.5495395313355	0.11754039999982524	epochs	1.0
1444.6670979313355	0.5	epochs	-1.0
1444.6670999313355	0.5548799999999119	epochs	0.0
1444.6670999313355	0.5	epochs	1.0
1445.1670999313355	0.05487999999991189	epochs	1.0
1445.2219799313355	4.945099999999911	epochs	0.0
1449.6329998970032	0.24507999999991625	epochs	0.0
1449.6329998970032	0.11754040000005261	epochs	1.0
1449.7505402970032	0.0099992000000384	epochs	1.0
1449.7605394970033	0.11754039999982524	epochs	1.0
1449.8780978970033	0.5	epochs	-1.0
1449.8780998970033	0.5544999999999618	epochs	0.0
1449.8780998970033	0.5	epochs	1.0
1450.3780998970033	0.0544999999999618	epochs	1.0
1450.4325998970032	4.945479999999861	epochs	0.0
1454.851999759674	0.24507999999991625	epochs	0.0
1454.851999759674	0.11754040000005261	epochs	1.0
1454.9695401596741	0.0099992000000384	epochs	1.0
1454.9795393596742	0.11754039999982524	epochs	1.0
1455.0970977596742	0.5	epochs	-1.0
1455.0970997596742	0.5551199999999881	epochs	0.0
1455.0970997596742	0.5	epochs	1.0
1455.5970997596742	0.05511999999998807	epochs	1.0
1455.6522197596742	4.944859999999835	epochs	0.0
1460.0629997253418	0.24507999999991625	epochs	0.0
1460.0629997253418	0.11754040000005261	epochs	1.0
1460.1805401253418	0.0099992000000384	epochs	1.0
1460.190539325342	0.11754039999982524	epochs	1.0
1460.308097725342	0.5	epochs	-1.0
1460.308099725342	3.015419999999949	epochs	0.0
1460.308099725342	0.5	epochs	1.0
1460.808099725342	1.0	epochs	1.0
1461.808099725342	1.5154199999999491	epochs	1.0
1462.3080976253418	0.5	epochs	-1.0
1462.8080976253418	0.5	epochs	-1.0
1463.3235197253418	2.484559999999874	epochs	0.0
1465.3810000419617	0.24507999999991625	epochs	0.0
1465.3810000419617	0.11754040000005261	epochs	1.0
1465.4985404419617	0.0099992000000384	epochs	1.0
1465.5085396419618	0.11754039999982524	epochs	1.0
1465.6260980419618	0.5	epochs	-1.0
1465.6261000419618	0.5549999999998363	epochs	0.0
1465.6261000419618	0.5	epochs	1.0
1466.1261000419618	0.05499999999983629	epochs	1.0
1466.1811000419616	4.944979999999987	epochs	0.0
1470.593999862671	0.24507999999991625	epochs	0.0
1470.593999862671	0.11754040000005261	epochs	1.0
1470.711540262671	0.0099992000000384	epochs	1.0
1470.721539462671	0.11754039999982524	epochs	1.0
1470.839097862671	0.5	epochs	-1.0
1470.839099862671	3.0148999999998978	epochs	0.0
1470.839099862671	0.5	epochs	1.0
1471.339099862671	1.0	epochs	1.0
1472.339099862671	1.5148999999998978	epochs	1.0
1472.8390976626708	0.5	epochs	-1.0
1473.3390976626708	0.5	epochs	-1.0
1473.853999862671	2.4850799999999253	epochs	0.0
1475.8829998970032	0.24507999999991625	epochs	0.0
1475.8829998970032	0.11754040000005261	epochs	1.0
1476.0005402970032	0.0099992000000384	epochs	1.0
1476.0105394970033	0.11754039999982524	epochs	1.0
1476.1280978970033	0.5	epochs	-1.0
1476.1280998970033	2.514579999999796	epochs	0.0
1476.1280998970033	0.5	epochs	1.0
1476.6280998970033	1.0	epochs	1.0
1477.6280998970033	1.0145799999997962	epochs	1.0
1478.1280977970032	0.5	epochs	-1.0
1478.642679897003	2.985400000000027	epochs	0.0
1481.0989999771118	0.24507999999991625	epochs	0.0
1481.0989999771118	0.11754040000005261	epochs	1.0
1481.2165403771119	0.0099992000000384	epochs	1.0
1481.226539577112	0.11754039999982524	epochs	1.0
1481.344097977112	0.5	epochs	-1.0
1481.344099977112	0.5552399999999125	epochs	0.0
1481.344099977112	0.5	epochs	1.0
1481.844099977112	0.05523999999991247	epochs	1.0
1481.8993399771118	4.944739999999911	epochs	0.0
1486.3340001106262	0.24507999999991625	epochs	0.0
1486.3340001106262	0.11754040000005261	epochs	1.0
1486.4515405106263	0.0099992000000384	epochs	1.0
1486.4615397106263	0.11754039999982524	epochs	1.0
1486.5790981106263	0.5	epochs	-1.0
1486.5791001106263	0.5547599999999875	epochs	0.0
1486.5791001106263	0.5	epochs	1.0
1487.0791001106263	0.054759999999987485	epochs	1.0
1487.1338601106263	4.945219999999836	epochs	0.0
1498.3090000152588	0.1529800000000705	epochs	0.0
1498.3090000152588	0.049999999999954525	epochs	1.0
1498.3590000152587	0.003000000000156433	epochs	1.0
1498.362000015259	0.09997999999995955	epochs	1.0
1498.8150000572205	0.1529800000000705	epochs	0.0
1498.8150000572205	0.049999999999954525	epochs	1.0
1498.8650000572204	0.003000000000156433	epochs	1.0
1498.8680000572206	0.09997999999995955	epochs	1.0
1499.2839999198914	0.1529800000000705	epochs	0.0
1499.2839999198914	0.049999999999954525	epochs	1.0
1499.3339999198913	0.003000000000156433	epochs	1.0
1499.3369999198915	0.09997999999995955	epochs	1.0
1499.75	0.1529800000000705	epochs	0.0
1499.75	0.049999999999954525	epochs	1.0
1499.8	0.003000000000156433	epochs	1.0
1499.803	0.09997999999995955	epochs	1.0
1500.215000152588	0.1529800000000705	epochs	0.0
1500.215000152588	0.049999999999954525	epochs	1.0
1500.2650001525878	0.003000000000156433	epochs	1.0
1500.268000152588	0.09997999999995955	epochs	1.0
1500.7789998054504	0.1529800000000705	epochs	0.0
1500.7789998054504	0.049999999999954525	epochs	1.0
1500.8289998054504	0.003000000000156433	epochs	1.0
1500.8319998054506	0.09997999999995955	epochs	1.0
1501.2639999389648	0.1529800000000705	epochs	0.0
1501.2639999389648	0.049999999999954525	epochs	1.0
1501.3139999389648	0.003000000000156433	epochs	1.0
1501.316999938965	0.09997999999995955	epochs	1.0
1501.7469997406006	0.1529800000000705	epochs	0.0
1501.7469997406006	0.049999999999954525	epochs	1.0
1501.7969997406005	0.003000000000156433	epochs	1.0
1501.7999997406007	0.09997999999995955	epochs	1.0
1502.276999950409	0.1529800000000705	epochs	0.0
1502.276999950409	0.049999999999954525	epochs	1.0
1502.326999950409	0.003000000000156433	epochs	1.0
1502.329999950409	0.09997999999995955	epochs	1.0
1502.8029999732971	0.24507999999991625	epochs	0.0
1502.8029999732971	0.11754040000005261	epochs	1.0
1502.9205403732972	0.0099992000000384	epochs	1.0
1502.9305395732972	0.11754039999982524	epochs	1.0
1503.0480979732972	0.5	epochs	-1.0
1503.0480999732972	0.5553800000000138	epochs	0.0
1503.0480999732972	0.5	epochs	1.0
1503.5480999732972	0.0029999999999290594	epochs	1.0
1503.5510999732971	0.05238000000008469	epochs	1.0
1503.6034799732972	1.0475999999998749	epochs	0.0
1516.119999885559	0.24507999999991625	epochs	0.0
1516.119999885559	0.11754040000005261	epochs	1.0
1516.2375402855591	0.0099992000000384	epochs	1.0
1516.2475394855592	0.11754039999982524	epochs	1.0
1516.3650978855592	0.5	epochs	-1.0
1516.3650998855592	0.5549799999998868	epochs	0.0
1516.3650998855592	0.5	epochs	1.0
1516.8650998855592	0.0029999999999290594	epochs	1.0
1516.868099885559	0.05197999999995773	epochs	1.0
1516.920079885559	1.0480000000000018	epochs	0.0
1518.3610000610352	0.24507999999991625	epochs	0.0
1518.3610000610352	0.11754040000005261	epochs	1.0
1518.4785404610352	0.0099992000000384	epochs	1.0
1518.4885396610352	0.11754039999982524	epochs	1.0
1518.6060980610353	0.5	epochs	-1.0
1518.6061000610352	0.5549999999998363	epochs	0.0
1518.6061000610352	0.5	epochs	1.0
1519.1061000610352	0.0029999999999290594	epochs	1.0
1519.1091000610352	0.05199999999990723	epochs	1.0
1519.161100061035	1.0479800000000523	epochs	0.0
1531.5609998703003	0.24507999999991625	epochs	0.0
1531.5609998703003	0.11754040000005261	epochs	1.0
1531.6785402703003	0.0099992000000384	epochs	1.0
1531.6885394703004	0.11754039999982524	epochs	1.0
1531.8060978703004	0.5	epochs	-1.0
1531.8060998703004	0.5544999999999618	epochs	0.0
1531.8060998703004	0.5	epochs	1.0
1532.3060998703004	0.0029999999999290594	epochs	1.0
1532.3090998703003	0.05150000000003274	epochs	1.0
1532.3605998703003	1.0484799999999268	epochs	0.0
1533.8020000457764	0.24507999999991625	epochs	0.0
1533.8020000457764	0.11754040000005261	epochs	1.0
1533.9195404457764	0.0099992000000384	epochs	1.0
1533.9295396457765	0.11754039999982524	epochs	1.0
1534.0470980457765	0.5	epochs	-1.0
1534.0471000457765	0.5547399999998106	epochs	0.0
1534.0471000457765	0.5	epochs	1.0
1534.5471000457765	0.0029999999999290594	epochs	1.0
1534.5501000457764	0.05173999999988155	epochs	1.0
1534.6018400457763	1.048240000000078	epochs	0.0
1536.0780000686646	0.24507999999991625	epochs	0.0
1536.0780000686646	0.11754040000005261	epochs	1.0
1536.1955404686646	0.0099992000000384	epochs	1.0
1536.2055396686646	0.11754039999982524	epochs	1.0
1536.3230980686646	0.5	epochs	-1.0
1536.3231000686646	1.5546600000000126	epochs	0.0
1536.3231000686646	0.5	epochs	1.0
1536.8231000686646	0.0029999999999290594	epochs	1.0
1536.8261000686646	1.0516600000000835	epochs	1.0
1537.3260979686645	0.5	epochs	-1.0
1537.8777600686647	0.04831999999987602	epochs	0.0
1538.1929998397827	0.24507999999991625	epochs	0.0
1538.1929998397827	0.11754040000005261	epochs	1.0
1538.3105402397828	0.0099992000000384	epochs	1.0
1538.3205394397828	0.11754039999982524	epochs	1.0
1538.4380978397828	0.5	epochs	-1.0
1538.4380998397828	1.6029799999998886	epochs	0.0
1538.4380998397828	0.5	epochs	1.0
1538.9380998397828	0.0029999999999290594	epochs	1.0
1538.9410998397827	1.0999799999999595	epochs	1.0
1539.4410977397827	0.5	epochs	-1.0
1540.3769998550415	0.24507999999991625	epochs	0.0
1540.3769998550415	0.11754040000005261	epochs	1.0
1540.4945402550416	0.0099992000000384	epochs	1.0
1540.5045394550416	0.11754039999982524	epochs	1.0
1540.6220978550416	0.5	epochs	-1.0
1540.6220998550416	0.5553599999998369	epochs	0.0
1540.6220998550416	0.5	epochs	1.0
1541.1220998550416	0.0029999999999290594	epochs	1.0
1541.1250998550415	0.052359999999907814	epochs	1.0
1541.1774598550414	1.0476200000000517	epochs	0.0
1542.641999721527	0.24507999999991625	epochs	0.0
1542.641999721527	0.11754040000005261	epochs	1.0
1542.7595401215272	0.0099992000000384	epochs	1.0
1542.7695393215272	0.11754039999982524	epochs	1.0
1542.8870977215272	0.5	epochs	-1.0
1542.8870997215272	0.5549999999998363	epochs	0.0
1542.8870997215272	0.5	epochs	1.0
1543.3870997215272	0.0029999999999290594	epochs	1.0
1543.3900997215271	0.05199999999990723	epochs	1.0
1543.442099721527	1.0479800000000523	epochs	0.0
1544.8629999160767	0.24507999999991625	epochs	0.0
1544.8629999160767	0.11754040000005261	epochs	1.0
1544.9805403160767	0.0099992000000384	epochs	1.0
1544.9905395160768	0.11754039999982524	epochs	1.0
1545.1080979160768	0.5	epochs	-1.0
1545.1080999160768	0.5546199999998862	epochs	0.0
1545.1080999160768	0.5	epochs	1.0
1545.6080999160768	0.0029999999999290594	epochs	1.0
1545.6110999160767	0.051619999999957145	epochs	1.0
1545.6627199160766	1.0483600000000024	epochs	0.0
1627.7750000953674	0.24507999999991625	epochs	0.0
1627.7750000953674	0.11754040000005261	epochs	1.0
1627.8925404953675	0.0099992000000384	epochs	1.0
1627.9025396953675	0.11754039999982524	epochs	1.0
1628.0200980953675	0.5	epochs	-1.0
1628.0201000953675	0.5549999999998363	epochs	0.0
1628.0201000953675	0.5	epochs	1.0
1628.5201000953675	0.05499999999983629	epochs	1.0
1628.5751000953674	18.944979999999987	epochs	0.0
1656.8670001029968	0.24507999999991625	epochs	0.0
1656.8670001029968	0.11754040000005261	epochs	1.0
1656.9845405029969	0.0099992000000384	epochs	1.0
1656.994539702997	0.11754039999982524	epochs	1.0
1657.112098102997	0.5	epochs	-1.0
1657.112100102997	0.5552399999999125	epochs	0.0
1657.112100102997	0.5	epochs	1.0
1657.612100102997	0.05523999999991247	epochs	1.0
1657.6673401029968	18.94473999999991	epochs	0.0
1686.0069999694824	0.24507999999991625	epochs	0.0
1686.0069999694824	0.11754040000005261	epochs	1.0
1686.1245403694825	0.0099992000000384	epochs	1.0
1686.1345395694825	0.11754039999982524	epochs	1.0
1686.2520979694825	0.5	epochs	-1.0
1686.2520999694825	0.5549999999998363	epochs	0.0
1686.2520999694825	0.5	epochs	1.0
1686.7520999694825	0.05499999999983629	epochs	1.0
1686.8070999694824	18.944979999999987	epochs	0.0
1715.1659998893738	0.24507999999991625	epochs	0.0
1715.1659998893738	0.11754040000005261	epochs	1.0
1715.2835402893738	0.0099992000000384	epochs	1.0
1715.2935394893739	0.11754039999982524	epochs	1.0
1715.4110978893739	0.5	epochs	-1.0
1715.4110998893739	0.5549999999998363	epochs	0.0
1715.4110998893739	0.5	epochs	1.0
1715.9110998893739	0.05499999999983629	epochs	1.0
1715.9660998893737	18.944979999999987	epochs	0.0
1744.4609999656677	0.24507999999991625	epochs	0.0
1744.4609999656677	0.11754040000005261	epochs	1.0
1744.5785403656678	0.0099992000000384	epochs	1.0
1744.5885395656678	0.11754039999982524	epochs	1.0
1744.7060979656678	0.5	epochs	-1.0
1744.7060999656678	0.5547399999998106	epochs	0.0
1744.7060999656678	0.5	epochs	1.0
1745.2060999656678	0.05473999999981061	epochs	1.0
1745.2608399656676	18.945240000000013	epochs	0.0
1773.598000049591	0.24507999999991625	epochs	0.0
1773.598000049591	0.11754040000005261	epochs	1.0
1773.7155404495911	0.0099992000000384	epochs	1.0
1773.7255396495912	0.11754039999982524	epochs	1.0
1773.8430980495912	0.5	epochs	-1.0
1773.8431000495912	0.5551199999999881	epochs	0.0
1773.8431000495912	0.5	epochs	1.0
1774.3431000495912	0.05511999999998807	epochs	1.0
1774.3982200495911	18.944859999999835	epochs	0.0
1802.7760000228882	0.24507999999991625	epochs	0.0
1802.7760000228882	0.11754040000005261	epochs	1.0
1802.8935404228882	0.0099992000000384	epochs	1.0
1802.9035396228883	0.11754039999982524	epochs	1.0
1803.0210980228883	0.5	epochs	-1.0
1803.0211000228883	0.5552399999999125	epochs	0.0
1803.0211000228883	0.5	epochs	1.0
1803.5211000228883	0.05523999999991247	epochs	1.0
1803.5763400228882	18.94473999999991	epochs	0.0
1847.7909998893738	0.26314000000002125	epochs	0.0
1847.7909998893738	0.1265702999999121	epochs	1.0
1847.9175701893737	0.009999400000197056	epochs	1.0
1847.927569589374	0.1265702999999121	epochs	1.0
1848.0541578893738	0.5	epochs	-1.0
1848.0541598893738	0.536679999999933	epochs	0.0
1848.0541598893738	0.5	epochs	1.0
1848.5541598893738	0.03667999999993299	epochs	1.0
1848.5908398893737	2.9633000000001175	epochs	0.0
1848.8940000534058	0.26314000000002125	epochs	0.0
1848.8940000534058	0.1265702999999121	epochs	1.0
1849.0205703534057	0.009999400000197056	epochs	1.0
1849.0305697534059	0.1265702999999121	epochs	1.0
1849.1571580534057	0.5	epochs	-1.0
1849.1571600534057	0.5369399999999587	epochs	0.0
1849.1571600534057	0.5	epochs	1.0
1849.6571600534057	0.03693999999995867	epochs	1.0
1849.6941000534057	2.963040000000092	epochs	0.0
1862.0099997520447	0.26314000000002125	epochs	0.0
1862.0099997520447	0.1265702999999121	epochs	1.0
1862.1365700520446	0.009999400000197056	epochs	1.0
1862.1465694520448	0.1265702999999121	epochs	1.0
1862.2731577520447	0.5	epochs	-1.0
1862.2731597520446	0.5369399999999587	epochs	0.0
1862.2731597520446	0.5	epochs	1.0
1862.7731597520446	0.03693999999995867	epochs	1.0
1862.8100997520446	2.963040000000092	epochs	0.0
1863.1079998016357	0.26314000000002125	epochs	0.0
1863.1079998016357	0.1265702999999121	epochs	1.0
1863.2345701016357	0.009999400000197056	epochs	1.0
1863.2445695016359	0.1265702999999121	epochs	1.0
1863.3711578016357	0.5	epochs	-1.0
1863.3711598016357	0.5369399999999587	epochs	0.0
1863.3711598016357	0.5	epochs	1.0
1863.8711598016357	0.03693999999995867	epochs	1.0
1863.9080998016357	2.963040000000092	epochs	0.0
1864.2069997787476	0.26314000000002125	epochs	0.0
1864.2069997787476	0.1265702999999121	epochs	1.0
1864.3335700787475	0.009999400000197056	epochs	1.0
1864.3435694787477	0.1265702999999121	epochs	1.0
1864.4701577787475	0.5	epochs	-1.0
1864.4701597787475	0.5364400000000842	epochs	0.0
1864.4701597787475	0.5	epochs	1.0
1864.9701597787475	0.03644000000008418	epochs	1.0
1865.0065997787476	2.9635399999999663	epochs	0.0
1877.4210000038147	0.26314000000002125	epochs	0.0
1877.4210000038147	0.1265702999999121	epochs	1.0
1877.5475703038146	0.009999400000197056	epochs	1.0
1877.5575697038148	0.1265702999999121	epochs	1.0
1877.6841580038147	0.5	epochs	-1.0
1877.6841600038147	0.5373200000001361	epochs	0.0
1877.6841600038147	0.5	epochs	1.0
1878.1841600038147	0.03732000000013613	epochs	1.0
1878.2214800038148	2.9626599999999144	epochs	0.0
1878.5199999809265	0.26314000000002125	epochs	0.0
1878.5199999809265	0.1265702999999121	epochs	1.0
1878.6465702809264	0.009999400000197056	epochs	1.0
1878.6565696809266	0.1265702999999121	epochs	1.0
1878.7831579809265	0.5	epochs	-1.0
1878.7831599809265	0.5373200000001361	epochs	0.0
1878.7831599809265	0.5	epochs	1.0
1879.2831599809265	0.03732000000013613	epochs	1.0
1879.3204799809266	2.9626599999999144	epochs	0.0
1879.6259999275208	0.26314000000002125	epochs	0.0
1879.6259999275208	0.1265702999999121	epochs	1.0
1879.7525702275207	0.009999400000197056	epochs	1.0
1879.7625696275209	0.1265702999999121	epochs	1.0
1879.8891579275207	0.5	epochs	-1.0
1879.8891599275207	0.5364400000000842	epochs	0.0
1879.8891599275207	0.5	epochs	1.0
1880.3891599275207	0.03644000000008418	epochs	1.0
1880.4255999275208	2.9635399999999663	epochs	0.0
1880.728000164032	0.26314000000002125	epochs	0.0
1880.728000164032	0.1265702999999121	epochs	1.0
1880.854570464032	0.009999400000197056	epochs	1.0
1880.864569864032	0.1265702999999121	epochs	1.0
1880.991158164032	0.5	epochs	-1.0
1880.991160164032	0.5370600000001104	epochs	0.0
1880.991160164032	0.5	epochs	1.0
1881.491160164032	0.03706000000011045	epochs	1.0
1881.528220164032	2.96291999999994	epochs	0.0
1893.8579998016357	0.26314000000002125	epochs	0.0
1893.8579998016357	0.1265702999999121	epochs	1.0
1893.9845701016357	0.009999400000197056	epochs	1.0
1893.9945695016359	0.1265702999999121	epochs	1.0
1894.1211578016357	0.5	epochs	-1.0
1894.1211598016357	0.5371999999999844	epochs	0.0
1894.1211598016357	0.5	epochs	1.0
1894.6211598016357	0.03719999999998436	epochs	1.0
1894.6583598016357	2.962780000000066	epochs	0.0
1906.981999874115	0.26314000000002125	epochs	0.0
1906.981999874115	0.1265702999999121	epochs	1.0
1907.108570174115	0.009999400000197056	epochs	1.0
1907.118569574115	0.1265702999999121	epochs	1.0
1907.245157874115	0.5	epochs	-1.0
1907.245159874115	0.5368000000000848	epochs	0.0
1907.245159874115	0.5	epochs	1.0
1907.745159874115	0.036800000000084765	epochs	1.0
1907.781959874115	2.9631799999999657	epochs	0.0
1908.1539998054504	0.26314000000002125	epochs	0.0
1908.1539998054504	0.1265702999999121	epochs	1.0
1908.2805701054504	0.009999400000197056	epochs	1.0
1908.2905695054505	0.1265702999999121	epochs	1.0
1908.4171578054504	0.5	epochs	-1.0
1908.4171598054504	0.5371999999999844	epochs	0.0
1908.4171598054504	0.5	epochs	1.0
1908.9171598054504	0.03719999999998436	epochs	1.0
1908.9543598054504	2.962780000000066	epochs	0.0
1909.2690000534058	0.26314000000002125	epochs	0.0
1909.2690000534058	0.1265702999999121	epochs	1.0
1909.3955703534057	0.009999400000197056	epochs	1.0
1909.4055697534059	0.1265702999999121	epochs	1.0
1909.5321580534057	0.5	epochs	-1.0
1909.5321600534057	0.5368200000000343	epochs	0.0
1909.5321600534057	0.5	epochs	1.0
1910.0321600534057	0.03682000000003427	epochs	1.0
1910.0689800534058	2.9631600000000162	epochs	0.0
1910.383999824524	0.26314000000002125	epochs	0.0
1910.383999824524	0.1265702999999121	epochs	1.0
1910.5105701245238	0.009999400000197056	epochs	1.0
1910.520569524524	0.1265702999999121	epochs	1.0
1910.647157824524	0.5	epochs	-1.0
1910.647159824524	0.5369200000000092	epochs	0.0
1910.647159824524	0.5	epochs	1.0
1911.147159824524	0.03692000000000917	epochs	1.0
1911.184079824524	2.9630600000000413	epochs	0.0
1923.6399998664856	0.26314000000002125	epochs	0.0
1923.6399998664856	0.1265702999999121	epochs	1.0
1923.7665701664855	0.009999400000197056	epochs	1.0
1923.7765695664857	0.1265702999999121	epochs	1.0
1923.9031578664856	0.5	epochs	-1.0
1923.9031598664856	0.5368200000000343	epochs	0.0
1923.9031598664856	0.5	epochs	1.0
1924.4031598664856	0.03682000000003427	epochs	1.0
1924.4399798664856	2.9631600000000162	epochs	0.0
1924.7599997520447	0.26314000000002125	epochs	0.0
1924.7599997520447	0.1265702999999121	epochs	1.0
1924.8865700520446	0.009999400000197056	epochs	1.0
1924.8965694520448	0.1265702999999121	epochs	1.0
1925.0231577520447	0.5	epochs	-1.0
1925.0231597520446	0.5371800000000349	epochs	0.0
1925.0231597520446	0.5	epochs	1.0
1925.5231597520446	0.03718000000003485	epochs	1.0
1925.5603397520447	2.9628000000000156	epochs	0.0
1925.883999824524	0.26314000000002125	epochs	0.0
1925.883999824524	0.1265702999999121	epochs	1.0
1926.0105701245238	0.009999400000197056	epochs	1.0
1926.020569524524	0.1265702999999121	epochs	1.0
1926.147157824524	0.5	epochs	-1.0
1926.147159824524	0.5364400000000842	epochs	0.0
1926.147159824524	0.5	epochs	1.0
1926.647159824524	0.03644000000008418	epochs	1.0
1926.683599824524	2.9635399999999663	epochs	0.0
1927.0110001564026	0.26314000000002125	epochs	0.0
1927.0110001564026	0.1265702999999121	epochs	1.0
1927.1375704564025	0.009999400000197056	epochs	1.0
1927.1475698564027	0.1265702999999121	epochs	1.0
1927.2741581564026	0.5	epochs	-1.0
1927.2741601564026	0.5365600000000086	epochs	0.0
1927.2741601564026	0.5	epochs	1.0
1927.7741601564026	0.036560000000008586	epochs	1.0
1927.8107201564026	2.963420000000042	epochs	0.0
1928.133999824524	0.26314000000002125	epochs	0.0
1928.133999824524	0.1265702999999121	epochs	1.0
1928.2605701245238	0.009999400000197056	epochs	1.0
1928.270569524524	0.1265702999999121	epochs	1.0
1928.397157824524	0.5	epochs	-1.0
1928.397159824524	0.536679999999933	epochs	0.0
1928.397159824524	0.5	epochs	1.0
1928.897159824524	0.03667999999993299	epochs	1.0
1928.9338398245238	2.9633000000001175	epochs	0.0
1929.268000125885	0.26314000000002125	epochs	0.0
1929.268000125885	0.1265702999999121	epochs	1.0
1929.394570425885	0.009999400000197056	epochs	1.0
1929.4045698258851	0.1265702999999121	epochs	1.0
1929.531158125885	0.5	epochs	-1.0
1929.531160125885	0.5372999999999593	epochs	0.0
1929.531160125885	0.5	epochs	1.0
1930.031160125885	0.037299999999959255	epochs	1.0
1930.068460125885	2.9626800000000912	epochs	0.0
1930.3979997634888	0.26314000000002125	epochs	0.0
1930.3979997634888	0.1265702999999121	epochs	1.0
1930.5245700634887	0.009999400000197056	epochs	1.0
1930.5345694634889	0.1265702999999121	epochs	1.0
1930.6611577634887	0.5	epochs	-1.0
1930.6611597634887	0.5369399999999587	epochs	0.0
1930.6611597634887	0.5	epochs	1.0
1931.1611597634887	0.03693999999995867	epochs	1.0
1931.1980997634887	2.963040000000092	epochs	0.0
1956.8649997711182	0.26314000000002125	epochs	0.0
1956.8649997711182	0.1265702999999121	epochs	1.0
1956.991570071118	0.009999400000197056	epochs	1.0
1957.0015694711183	0.1265702999999121	epochs	1.0
1957.1281577711181	0.5	epochs	-1.0
1957.1281597711181	0.5368000000000848	epochs	0.0
1957.1281597711181	0.5	epochs	1.0
1957.6281597711181	0.0029999999999290594	epochs	1.0
1957.631159771118	0.033800000000155705	epochs	1.0
1957.6649597711182	1.0661800000000312	epochs	0.0
1959.1189999580383	0.26314000000002125	epochs	0.0
1959.1189999580383	0.1265702999999121	epochs	1.0
1959.2455702580382	0.009999400000197056	epochs	1.0
1959.2555696580384	0.1265702999999121	epochs	1.0
1959.3821579580383	0.5	epochs	-1.0
1959.3821599580383	0.5369399999999587	epochs	0.0
1959.3821599580383	0.5	epochs	1.0
1959.8821599580383	0.0029999999999290594	epochs	1.0
1959.8851599580382	0.03394000000002961	epochs	1.0
1959.9190999580383	1.0660400000001573	epochs	0.0
1961.3379998207092	0.26314000000002125	epochs	0.0
1961.3379998207092	0.1265702999999121	epochs	1.0
1961.4645701207091	0.009999400000197056	epochs	1.0
1961.4745695207093	0.1265702999999121	epochs	1.0
1961.6011578207092	0.5	epochs	-1.0
1961.6011598207092	0.5369399999999587	epochs	0.0
1961.6011598207092	0.5	epochs	1.0
1962.1011598207092	0.0029999999999290594	epochs	1.0
1962.1041598207091	0.03394000000002961	epochs	1.0
1962.1380998207092	1.0660400000001573	epochs	0.0
1963.4759998321533	0.26314000000002125	epochs	0.0
1963.4759998321533	0.1265702999999121	epochs	1.0
1963.6025701321532	0.009999400000197056	epochs	1.0
1963.6125695321534	0.1265702999999121	epochs	1.0
1963.7391578321533	0.5	epochs	-1.0
1963.7391598321533	0.5369399999999587	epochs	0.0
1963.7391598321533	0.5	epochs	1.0
1964.2391598321533	0.0029999999999290594	epochs	1.0
1964.2421598321532	0.03394000000002961	epochs	1.0
1964.2760998321532	1.0660400000001573	epochs	0.0
1965.7579998970032	0.26314000000002125	epochs	0.0
1965.7579998970032	0.1265702999999121	epochs	1.0
1965.884570197003	0.009999400000197056	epochs	1.0
1965.8945695970033	0.1265702999999121	epochs	1.0
1966.0211578970031	0.5	epochs	-1.0
1966.0211598970031	0.5364400000000842	epochs	0.0
1966.0211598970031	0.5	epochs	1.0
1966.5211598970031	0.0029999999999290594	epochs	1.0
1966.524159897003	0.03344000000015512	epochs	1.0
1966.5575998970032	1.0665400000000318	epochs	0.0
1968.005000114441	0.26314000000002125	epochs	0.0
1968.005000114441	0.1265702999999121	epochs	1.0
1968.1315704144408	0.009999400000197056	epochs	1.0
1968.141569814441	0.1265702999999121	epochs	1.0
1968.268158114441	0.5	epochs	-1.0
1968.268160114441	0.5370600000001104	epochs	0.0
1968.268160114441	0.5	epochs	1.0
1968.768160114441	0.0029999999999290594	epochs	1.0
1968.7711601144408	0.03406000000018139	epochs	1.0
1968.805220114441	1.0659200000000055	epochs	0.0
1970.2579998970032	0.26314000000002125	epochs	0.0
1970.2579998970032	0.1265702999999121	epochs	1.0
1970.384570197003	0.009999400000197056	epochs	1.0
1970.3945695970033	0.1265702999999121	epochs	1.0
1970.5211578970031	0.5	epochs	-1.0
1970.5211598970031	0.536679999999933	epochs	0.0
1970.5211598970031	0.5	epochs	1.0
1971.0211598970031	0.0029999999999290594	epochs	1.0
1971.024159897003	0.03368000000000393	epochs	1.0
1971.057839897003	1.066300000000183	epochs	0.0
1972.508999824524	0.26314000000002125	epochs	0.0
1972.508999824524	0.1265702999999121	epochs	1.0
1972.6355701245238	0.009999400000197056	epochs	1.0
1972.645569524524	0.1265702999999121	epochs	1.0
1972.772157824524	0.5	epochs	-1.0
1972.772159824524	0.5364400000000842	epochs	0.0
1972.772159824524	0.5	epochs	1.0
1973.272159824524	0.0029999999999290594	epochs	1.0
1973.2751598245238	0.03344000000015512	epochs	1.0
1973.308599824524	1.0665400000000318	epochs	0.0
1985.7579998970032	0.26314000000002125	epochs	0.0
1985.7579998970032	0.1265702999999121	epochs	1.0
1985.884570197003	0.009999400000197056	epochs	1.0
1985.8945695970033	0.1265702999999121	epochs	1.0
1986.0211578970031	0.5	epochs	-1.0
1986.0211598970031	0.5364400000000842	epochs	0.0
1986.0211598970031	0.5	epochs	1.0
1986.5211598970031	0.0029999999999290594	epochs	1.0
1986.524159897003	0.03344000000015512	epochs	1.0
1986.5575998970032	1.0665400000000318	epochs	0.0
1988.013000011444	0.26314000000002125	epochs	0.0
1988.013000011444	0.1265702999999121	epochs	1.0
1988.139570311444	0.009999400000197056	epochs	1.0
1988.1495697114442	0.1265702999999121	epochs	1.0
1988.276158011444	0.5	epochs	-1.0
1988.276160011444	0.5368200000000343	epochs	0.0
1988.276160011444	0.5	epochs	1.0
1988.776160011444	0.0029999999999290594	epochs	1.0
1988.779160011444	0.03382000000010521	epochs	1.0
1988.812980011444	1.0661600000000817	epochs	0.0
2145.263999938965	0.4999800000000505	epochs	0.0
2145.263999938965	0.2449901999998474	epochs	1.0
2145.5089901389647	0.009999600000355713	epochs	1.0
2145.518989738965	0.2449901999998474	epochs	1.0
2145.763999938965	0.5401999999999134	epochs	0.0
2145.763999938965	0.5	epochs	-1.0
2145.763999938965	0.5	epochs	1.0
2146.263999938965	0.040199999999913416	epochs	1.0
2146.3041999389648	2.959780000000137	epochs	0.0
2158.4390001296997	0.4999800000000505	epochs	0.0
2158.4390001296997	0.2449901999998474	epochs	1.0
2158.6839903296996	0.009999600000355713	epochs	1.0
2158.6939899297	0.2449901999998474	epochs	1.0
2158.9390001296997	0.5395800000001145	epochs	0.0
2158.9390001296997	0.5	epochs	-1.0
2158.9390001296997	0.5	epochs	1.0
2159.4390001296997	0.039580000000114524	epochs	1.0
2159.4785801297	2.960399999999936	epochs	0.0
2171.526000022888	0.4999800000000505	epochs	0.0
2171.526000022888	0.2449901999998474	epochs	1.0
2171.770990222888	0.009999600000355713	epochs	1.0
2171.7809898228884	0.2449901999998474	epochs	1.0
2172.026000022888	0.5004399999997986	epochs	0.0
2172.026000022888	0.5	epochs	-1.0
2172.026000022888	0.5	epochs	1.0
2172.526000022888	0.0004399999997986015	epochs	1.0
2172.526440022888	2.999540000000252	epochs	0.0
2172.8740000724792	0.4999800000000505	epochs	0.0
2172.8740000724792	0.2449901999998474	epochs	1.0
2173.118990272479	0.009999600000355713	epochs	1.0
2173.1289898724795	0.2449901999998474	epochs	1.0
2173.3740000724792	0.5001999999999498	epochs	0.0
2173.3740000724792	0.5	epochs	-1.0
2173.3740000724792	0.5	epochs	1.0
2173.8740000724792	0.0001999999999497959	epochs	1.0
2173.874200072479	2.9997800000001007	epochs	0.0
2174.223000049591	0.4999800000000505	epochs	0.0
2174.223000049591	0.2449901999998474	epochs	1.0
2174.467990249591	0.009999600000355713	epochs	1.0
2174.4779898495913	0.2449901999998474	epochs	1.0
2174.723000049591	0.5001999999999498	epochs	0.0
2174.723000049591	0.5	epochs	-1.0
2174.723000049591	0.5	epochs	1.0
2175.223000049591	0.0001999999999497959	epochs	1.0
2175.223200049591	2.9997800000001007	epochs	0.0
2187.3689999580383	0.4999800000000505	epochs	0.0
2187.3689999580383	0.2449901999998474	epochs	1.0
2187.613990158038	0.009999600000355713	epochs	1.0
2187.6239897580385	0.2449901999998474	epochs	1.0
2187.8689999580383	0.5400800000002164	epochs	0.0
2187.8689999580383	0.5	epochs	-1.0
2187.8689999580383	0.5	epochs	1.0
2188.3689999580383	0.04008000000021639	epochs	1.0
2188.4090799580385	2.959899999999834	epochs	0.0
2188.8109998703003	0.4999800000000505	epochs	0.0
2188.8109998703003	0.2449901999998474	epochs	1.0
2189.0559900703	0.009999600000355713	epochs	1.0
2189.0659896703005	0.2449901999998474	epochs	1.0
2189.3109998703003	0.5001999999999498	epochs	0.0
2189.3109998703003	0.5	epochs	-1.0
2189.3109998703003	0.5	epochs	1.0
2189.8109998703003	0.0001999999999497959	epochs	1.0
2189.8111998703002	2.9997800000001007	epochs	0.0
2190.2109999656677	0.4999800000000505	epochs	0.0
2190.2109999656677	0.2449901999998474	epochs	1.0
2190.4559901656676	0.009999600000355713	epochs	1.0
2190.465989765668	0.2449901999998474	epochs	1.0
2190.7109999656677	0.5001999999999498	epochs	0.0
2190.7109999656677	0.5	epochs	-1.0
2190.7109999656677	0.5	epochs	1.0
2191.2109999656677	0.0001999999999497959	epochs	1.0
2191.2111999656677	2.9997800000001007	epochs	0.0
2191.611999988556	0.4999800000000505	epochs	0.0
2191.611999988556	0.2449901999998474	epochs	1.0
2191.8569901885558	0.009999600000355713	epochs	1.0
2191.866989788556	0.2449901999998474	epochs	1.0
2192.111999988556	0.5404600000001665	epochs	0.0
2192.111999988556	0.5	epochs	-1.0
2192.111999988556	0.5	epochs	1.0
2192.611999988556	0.040460000000166474	epochs	1.0
2192.652459988556	2.959519999999884	epochs	0.0
2193.0650000572205	0.4999800000000505	epochs	0.0
2193.0650000572205	0.2449901999998474	epochs	1.0
2193.3099902572203	0.009999600000355713	epochs	1.0
2193.3199898572207	0.2449901999998474	epochs	1.0
2193.5650000572205	0.5396999999998116	epochs	0.0
2193.5650000572205	0.5	epochs	-1.0
2193.5650000572205	0.5	epochs	1.0
2194.0650000572205	0.03969999999981155	epochs	1.0
2194.1047000572203	2.960280000000239	epochs	0.0
2194.516999721527	0.4999800000000505	epochs	0.0
2194.516999721527	0.2449901999998474	epochs	1.0
2194.761989921527	0.009999600000355713	epochs	1.0
2194.7719895215273	0.2449901999998474	epochs	1.0
2195.016999721527	0.539679999999862	epochs	0.0
2195.016999721527	0.5	epochs	-1.0
2195.016999721527	0.5	epochs	1.0
2195.516999721527	0.03967999999986205	epochs	1.0
2195.556679721527	2.9603000000001884	epochs	0.0
2195.9699997901917	0.4999800000000505	epochs	0.0
2195.9699997901917	0.2449901999998474	epochs	1.0
2196.2149899901915	0.009999600000355713	epochs	1.0
2196.224989590192	0.2449901999998474	epochs	1.0
2196.4699997901917	0.5004399999997986	epochs	0.0
2196.4699997901917	0.5	epochs	-1.0
2196.4699997901917	0.5	epochs	1.0
2196.9699997901917	0.0004399999997986015	epochs	1.0
2196.9704397901914	2.999540000000252	epochs	0.0
2197.383999824524	0.4999800000000505	epochs	0.0
2197.383999824524	0.2449901999998474	epochs	1.0
2197.628990024524	0.009999600000355713	epochs	1.0
2197.638989624524	0.2449901999998474	epochs	1.0
2197.883999824524	0.5399400000001151	epochs	0.0
2197.883999824524	0.5	epochs	-1.0
2197.883999824524	0.5	epochs	1.0
2198.383999824524	0.039940000000115106	epochs	1.0
2198.423939824524	2.9600399999999354	epochs	0.0
2210.460000038147	0.4999800000000505	epochs	0.0
2210.460000038147	0.2449901999998474	epochs	1.0
2210.704990238147	0.009999600000355713	epochs	1.0
2210.714989838147	0.2449901999998474	epochs	1.0
2210.960000038147	0.500079999999798	epochs	0.0
2210.960000038147	0.5	epochs	-1.0
2210.960000038147	0.5	epochs	1.0
2211.460000038147	7.999999979801942e-05	epochs	1.0
2211.4600800381468	2.9999000000002525	epochs	0.0
2223.5910000801086	0.4999800000000505	epochs	0.0
2223.5910000801086	0.2449901999998474	epochs	1.0
2223.8359902801085	0.009999600000355713	epochs	1.0
2223.845989880109	0.2449901999998474	epochs	1.0
2224.0910000801086	0.5403200000000652	epochs	0.0
2224.0910000801086	0.5	epochs	-1.0
2224.0910000801086	0.5	epochs	1.0
2224.5910000801086	0.04032000000006519	epochs	1.0
2224.6313200801087	2.9596599999999853	epochs	0.0
2225.0570001602173	0.4999800000000505	epochs	0.0
2225.0570001602173	0.2449901999998474	epochs	1.0
2225.301990360217	0.009999600000355713	epochs	1.0
2225.3119899602175	0.2449901999998474	epochs	1.0
2225.5570001602173	0.5396999999998116	epochs	0.0
2225.5570001602173	0.5	epochs	-1.0
2225.5570001602173	0.5	epochs	1.0
2226.0570001602173	0.03969999999981155	epochs	1.0
2226.096700160217	2.960280000000239	epochs	0.0
2226.521999835968	0.4999800000000505	epochs	0.0
2226.521999835968	0.2449901999998474	epochs	1.0
2226.766990035968	0.009999600000355713	epochs	1.0
2226.776989635968	0.2449901999998474	epochs	1.0
2227.021999835968	0.5399400000001151	epochs	0.0
2227.021999835968	0.5	epochs	-1.0
2227.021999835968	0.5	epochs	1.0
2227.521999835968	0.039940000000115106	epochs	1.0
2227.561939835968	2.9600399999999354	epochs	0.0
2239.7170000076294	0.4999800000000505	epochs	0.0
2239.7170000076294	0.2449901999998474	epochs	1.0
2239.9619902076292	0.009999600000355713	epochs	1.0
2239.9719898076296	0.2449901999998474	epochs	1.0
2240.2170000076294	0.500079999999798	epochs	0.0
2240.2170000076294	0.5	epochs	-1.0
2240.2170000076294	0.5	epochs	1.0
2240.7170000076294	7.999999979801942e-05	epochs	1.0
2240.717080007629	2.9999000000002525	epochs	0.0
2241.1440000534058	0.4999800000000505	epochs	0.0
2241.1440000534058	0.2449901999998474	epochs	1.0
2241.3889902534056	0.009999600000355713	epochs	1.0
2241.398989853406	0.2449901999998474	epochs	1.0
2241.6440000534058	0.5405399999999645	epochs	0.0
2241.6440000534058	0.5	epochs	-1.0
2241.6440000534058	0.5	epochs	1.0
2242.1440000534058	0.04053999999996449	epochs	1.0
2242.1845400534057	2.959440000000086	epochs	0.0
2242.6219997406006	0.4999800000000505	epochs	0.0
2242.6219997406006	0.2449901999998474	epochs	1.0
2242.8669899406004	0.009999600000355713	epochs	1.0
2242.876989540601	0.2449901999998474	epochs	1.0
2243.1219997406006	0.539679999999862	epochs	0.0
2243.1219997406006	0.5	epochs	-1.0
2243.1219997406006	0.5	epochs	1.0
2243.6219997406006	0.03967999999986205	epochs	1.0
2243.6616797406004	2.9603000000001884	epochs	0.0
2255.7170000076294	0.4999800000000505	epochs	0.0
2255.7170000076294	0.2449901999998474	epochs	1.0
2255.9619902076292	0.009999600000355713	epochs	1.0
2255.9719898076296	0.2449901999998474	epochs	1.0
2256.2170000076294	0.5003400000000511	epochs	0.0
2256.2170000076294	0.5	epochs	-1.0
2256.2170000076294	0.5	epochs	1.0
2256.7170000076294	0.0003400000000510772	epochs	1.0
2256.7173400076294	2.9996399999999994	epochs	0.0
2309.21399974823	0.4999800000000505	epochs	0.0
2309.21399974823	0.2449901999998474	epochs	1.0
2309.45898994823	0.009999600000355713	epochs	1.0
2309.46898954823	0.2449901999998474	epochs	1.0
2309.71399974823	0.539560000000165	epochs	0.0
2309.71399974823	0.5	epochs	-1.0
2309.71399974823	0.5	epochs	1.0
2310.21399974823	0.003000000000156433	epochs	1.0
2310.21699974823	0.036560000000008586	epochs	1.0
2310.25355974823	1.063419999999951	epochs	0.0
2311.4489998817444	0.4999800000000505	epochs	0.0
2311.4489998817444	0.2449901999998474	epochs	1.0
2311.6939900817442	0.009999600000355713	epochs	1.0
2311.7039896817446	0.2449901999998474	epochs	1.0
2311.9489998817444	1.5602399999997942	epochs	0.0
2311.9489998817444	0.5	epochs	-1.0
2311.9489998817444	0.5	epochs	1.0
2312.4489998817444	0.003000000000156433	epochs	1.0
2312.4519998817445	1.0572399999996378	epochs	1.0
2312.9519997817442	0.5	epochs	-1.0
2313.509239881744	0.04274000000032174	epochs	0.0
2313.9270000457764	0.4999800000000505	epochs	0.0
2313.9270000457764	0.2449901999998474	epochs	1.0
2314.171990245776	0.009999600000355713	epochs	1.0
2314.1819898457766	0.2449901999998474	epochs	1.0
2314.4270000457764	0.500079999999798	epochs	0.0
2314.4270000457764	0.5	epochs	-1.0
2314.4270000457764	0.5	epochs	1.0
2314.9270000457764	7.999999979801942e-05	epochs	1.0
2314.927080045776	1.102900000000318	epochs	0.0
2316.1370000839233	0.4999800000000505	epochs	0.0
2316.1370000839233	0.2449901999998474	epochs	1.0
2316.381990283923	0.009999600000355713	epochs	1.0
2316.3919898839235	0.2449901999998474	epochs	1.0
2316.6370000839233	0.5004399999997986	epochs	0.0
2316.6370000839233	0.5	epochs	-1.0
2316.6370000839233	0.5	epochs	1.0
2317.1370000839233	0.0004399999997986015	epochs	1.0
2317.137440083923	1.1025400000003174	epochs	0.0
2318.3369998931885	0.4999800000000505	epochs	0.0
2318.3369998931885	0.2449901999998474	epochs	1.0
2318.5819900931883	0.009999600000355713	epochs	1.0
2318.5919896931887	0.2449901999998474	epochs	1.0
2318.8369998931885	0.5004600000002029	epochs	0.0
2318.8369998931885	0.5	epochs	-1.0
2318.8369998931885	0.5	epochs	1.0
2319.3369998931885	0.0004600000002028537	epochs	1.0
2319.3374598931887	1.1025199999999131	epochs	0.0
2320.53200006485	0.4999800000000505	epochs	0.0
2320.53200006485	0.2449901999998474	epochs	1.0
2320.7769902648497	0.009999600000355713	epochs	1.0
2320.78698986485	0.2449901999998474	epochs	1.0
2321.03200006485	0.500079999999798	epochs	0.0
2321.03200006485	0.5	epochs	-1.0
2321.03200006485	0.5	epochs	1.0
2321.53200006485	7.999999979801942e-05	epochs	1.0
2321.5320800648497	1.102900000000318	epochs	0.0
2322.726999759674	0.4999800000000505	epochs	0.0
2322.726999759674	0.2449901999998474	epochs	1.0
2322.971989959674	0.009999600000355713	epochs	1.0
2322.9819895596743	0.2449901999998474	epochs	1.0
2323.226999759674	0.5004600000002029	epochs	0.0
2323.226999759674	0.5	epochs	-1.0
2323.226999759674	0.5	epochs	1.0
2323.726999759674	0.0004600000002028537	epochs	1.0
2323.7274597596743	1.1025199999999131	epochs	0.0
2324.8289999961853	0.4999800000000505	epochs	0.0
2324.8289999961853	0.2449901999998474	epochs	1.0
2325.073990196185	0.009999600000355713	epochs	1.0
2325.0839897961855	0.2449901999998474	epochs	1.0
2325.3289999961853	0.5001999999999498	epochs	0.0
2325.3289999961853	0.5	epochs	-1.0
2325.3289999961853	0.5	epochs	1.0
2325.8289999961853	0.0001999999999497959	epochs	1.0
2325.8291999961853	1.1027800000001662	epochs	0.0
2338.1749997138977	0.4999800000000505	epochs	0.0
2338.1749997138977	0.2449901999998474	epochs	1.0
2338.4199899138976	0.009999600000355713	epochs	1.0
2338.429989513898	0.2449901999998474	epochs	1.0
2338.6749997138977	0.5005799999998999	epochs	0.0
2338.6749997138977	0.5	epochs	-1.0
2338.6749997138977	0.5	epochs	1.0
2339.1749997138977	0.0005799999998998828	epochs	1.0
2339.1755797138976	1.102400000000216	epochs	0.0
2351.507999897003	0.4999800000000505	epochs	0.0
2351.507999897003	0.2449901999998474	epochs	1.0
2351.752990097003	0.009999600000355713	epochs	1.0
2351.7629896970034	0.2449901999998474	epochs	1.0
2352.007999897003	0.5400800000002164	epochs	0.0
2352.007999897003	0.5	epochs	-1.0
2352.007999897003	0.5	epochs	1.0
2352.507999897003	0.003000000000156433	epochs	1.0
2352.5109998970033	0.037080000000059954	epochs	1.0
2352.5480798970034	1.0628999999998996	epochs	0.0
2376.1950001716614	0.4999800000000505	epochs	0.0
2376.1950001716614	0.2449901999998474	epochs	1.0
2376.439990371661	0.009999600000355713	epochs	1.0
2376.4499899716616	0.2449901999998474	epochs	1.0
2376.6950001716614	0.5400599999998121	epochs	0.0
2376.6950001716614	0.5	epochs	-1.0
2376.6950001716614	0.5	epochs	1.0
2377.1950001716614	0.040059999999812135	epochs	1.0
2377.235060171661	2.9599200000002384	epochs	0.0
2377.660999774933	0.4999800000000505	epochs	0.0
2377.660999774933	0.2449901999998474	epochs	1.0
2377.9059899749327	0.009999600000355713	epochs	1.0
2377.915989574933	0.2449901999998474	epochs	1.0
2378.160999774933	0.5005799999998999	epochs	0.0
2378.160999774933	0.5	epochs	-1.0
2378.160999774933	0.5	epochs	1.0
2378.660999774933	0.0005799999998998828	epochs	1.0
2378.6615797749328	2.9994000000001506	epochs	0.0
2379.059000015259	0.4999800000000505	epochs	0.0
2379.059000015259	0.2449901999998474	epochs	1.0
2379.3039902152586	0.009999600000355713	epochs	1.0
2379.313989815259	0.2449901999998474	epochs	1.0
2379.559000015259	0.5003400000000511	epochs	0.0
2379.559000015259	0.5	epochs	-1.0
2379.559000015259	0.5	epochs	1.0
2380.059000015259	0.0003400000000510772	epochs	1.0
2380.059340015259	2.9996399999999994	epochs	0.0
2380.4619998931885	0.4999800000000505	epochs	0.0
2380.4619998931885	0.2449901999998474	epochs	1.0
2380.7069900931883	0.009999600000355713	epochs	1.0
2380.7169896931887	0.2449901999998474	epochs	1.0
2380.9619998931885	0.539679999999862	epochs	0.0
2380.9619998931885	0.5	epochs	-1.0
2380.9619998931885	0.5	epochs	1.0
2381.4619998931885	0.03967999999986205	epochs	1.0
2381.5016798931883	2.9603000000001884	epochs	0.0
2381.9169998168945	0.1796399999998357	epochs	0.0
2381.9169998168945	0.1796399999998357	epochs	1.0
2382.0966398168944	3.820340000000215	epochs	0.0
